{
  "best_features": [
    "V17",
    "V14",
    "V10",
    "V12",
    "V11",
    "V16"
  ],
  "medians": {
    "Time": 84631.0,
    "V1": 0.0181584610704293,
    "V2": 0.0657600286408065,
    "V3": 0.180350678106658,
    "V4": -0.0192650392744256,
    "V5": -0.0552433804647257,
    "V6": -0.274031048616749,
    "V7": 0.0398843781769132,
    "V8": 0.0223639521348229,
    "V9": -0.0494818033196313,
    "V10": -0.0932227557267639,
    "V11": -0.0330423016658432,
    "V12": 0.142240810576724,
    "V13": -0.0129415732750759,
    "V14": 0.0510458224493087,
    "V15": 0.0470455393176749,
    "V16": 0.065084861043477,
    "V17": -0.0655496485351115,
    "V18": -0.0055007985401852,
    "V19": 0.0047848462980486,
    "V20": -0.0627976147798497,
    "V21": -0.0299043305792311,
    "V22": 0.0063643545811976,
    "V23": -0.0105477603203891,
    "V24": 0.0412008337408613,
    "V25": 0.0162516812419489,
    "V26": -0.0518616609000646,
    "V27": 0.001452647855033,
    "V28": 0.0112614702416898,
    "Amount": 22.0
  }
}